{"ONDOUSDT": {"oi_base": 116837510.8, "mark": 0.35975554, "oi_usd": 42032941.79010983, "time": 1780174141210}, "MORPHOUSDT": {"oi_base": 4996191.4, "mark": 2.17516738, "oi_usd": 10867552.557516532, "time": 1780174141789}, "AEROUSDT": {"oi_base": 21004784.8, "mark": 0.4221, "oi_usd": 8866119.66408, "time": 1780174140084}, "VIRTUALUSDT": {"oi_base": 23831451.0, "mark": 0.7275, "oi_usd": 17337380.6025, "time": 1780174145170}, "KMNOUSDT": {"oi_base": 98622129.0, "mark": 0.01878016, "oi_usd": 1852139.36216064, "time": 1780174142230}, "B3USDT": null, "FLUIDUSDT": {"oi_base": 777363.5, "mark": 1.376, "oi_usd": 1069652.176, "time": 1780174034777}, "VVVUSDT": {"oi_base": 1456172.81, "mark": 16.90965008, "oi_usd": 24623372.673110325, "time": 1780174146173}, "DRIFTUSDT": {"oi_base": 114954112.0, "mark": 0.02640707, "oi_usd": 3035601.28237184, "time": 1780174147989}, "PLUMEUSDT": {"oi_base": 449504363.0, "mark": 0.01304, "oi_usd": 5861536.893519999, "time": 1780174150298}, "ATHUSDT": {"oi_base": 690493543.0, "mark": 0.005986, "oi_usd": 4133294.348398, "time": 1780174145291}, "BIGTIMEUSDT": {"oi_base": 114896659.0, "mark": 0.011385, "oi_usd": 1308098.462715, "time": 1780174143575}, "ZETAUSDT": {"oi_base": 22750175.0, "mark": 0.04895, "oi_usd": 1113621.06625, "time": 1780174140373}, "SAFEUSDT": {"oi_base": 7484720.0, "mark": 0.1268, "oi_usd": 949062.4959999999, "time": 1780174137364}, "PROMPTUSDT": {"oi_base": 39203660.0, "mark": 0.03297131, "oi_usd": 1292596.0269946, "time": 1780174160454}, "SPXUSDT": {"oi_base": 8215385.0, "mark": 0.33472358, "oi_usd": 2749883.0782783004, "time": 1780174158155}, "1000000MOGUSDT": {"oi_base": 5493588.3, "mark": 0.13251833, "oi_usd": 728001.147223539, "time": 1780174158155}, "POPCATUSDT": {"oi_base": 46673812.0, "mark": 0.05304347, "oi_usd": 2475740.94660764, "time": 1780174159397}, "HYPERUSDT": {"oi_base": 25245696.0, "mark": 0.08857, "oi_usd": 2236011.29472, "time": 1780174161080}, "ZORAUSDT": {"oi_base": 156653270.0, "mark": 0.00986453, "oi_usd": 1545310.8815131, "time": 1780174155508}, "SIGNUSDT": {"oi_base": 338150050.0, "mark": 0.01166722, "oi_usd": 3945271.0263610003, "time": 1780174142164}, "SXTUSDT": {"oi_base": 146480222.0, "mark": 0.0119441, "oi_usd": 1749574.4195901998, "time": 1780174161389}, "DOODUSDT": {"oi_base": 385181079.0, "mark": 0.00223446, "oi_usd": 860671.71378234, "time": 1780174140637}, "MOODENGUSDT": {"oi_base": 44447985.0, "mark": 0.05108582, "oi_usd": 2270661.7610727, "time": 1780174164124}, "LAUSDT": {"oi_base": 18979804.9, "mark": 0.1069, "oi_usd": 2028941.1438099998, "time": 1780174153302}, "FLOCKUSDT": {"oi_base": 21679657.0, "mark": 0.05629, "oi_usd": 1220347.89253, "time": 1780174152109}, "HOMEUSDT": {"oi_base": 428196058.0, "mark": 0.027837, "oi_usd": 11919693.666546, "time": 1780174172419}, "SPKUSDT": {"oi_base": 211272234.0, "mark": 0.02411, "oi_usd": 5093773.56174, "time": 1780174158206}, "NEWTUSDT": {"oi_base": 21290506.0, "mark": 0.06836599, "oi_usd": 1455546.52029094, "time": 1780174172510}, "1000PEPEUSDT": {"oi_base": 17370937942.0, "mark": 0.00343224, "oi_usd": 59621228.04205008, "time": 1780174177343}, "PUMPUSDT": {"oi_base": 29152358763.0, "mark": 0.00179276, "oi_usd": 52263182.69595588, "time": 1780174158986}, "ERAUSDT": {"oi_base": 17930456.0, "mark": 0.1234, "oi_usd": 2212618.2704, "time": 1780174178042}, "GUSDT": {"oi_base": 525800922.0, "mark": 0.003481, "oi_usd": 1830313.009482, "time": 1780174176646}, "TREEUSDT": {"oi_base": 25391686.0, "mark": 0.06267639, "oi_usd": 1591459.2144935399, "time": 1780174155874}, "TOSHIUSDT": {"oi_base": 5323690907.0, "mark": 0.0001501, "oi_usd": 799086.0051406999, "time": 1780174134875}, "TOWNSUSDT": {"oi_base": 615774856.0, "mark": 0.00317787, "oi_usd": 1956852.4416367202, "time": 1780174159083}, "PROVEUSDT": {"oi_base": 20727412.4, "mark": 0.23585473, "oi_usd": 4888658.2552006515, "time": 1780174170855}, "SAPIENUSDT": {"oi_base": 22437478.0, "mark": 0.09969, "oi_usd": 2236792.18182, "time": 1780174184732}, "AVNTUSDT": {"oi_base": 39857396.0, "mark": 0.1495706, "oi_usd": 5961494.6341576, "time": 1780174183189}, "LINEAUSDT": {"oi_base": 1260868052.0, "mark": 0.00303805, "oi_usd": 3830580.1853786, "time": 1780174185976}, "ZKCUSDT": {"oi_base": 17509859.0, "mark": 0.06383, "oi_usd": 1117654.29997, "time": 1780174163509}, "BARDUSDT": {"oi_base": 24641271.0, "mark": 0.19241843, "oi_usd": 4741434.67902453, "time": 1780174185688}, "ASTERUSDT": {"oi_base": 133280999.0, "mark": 0.75783736, "oi_usd": 101005320.42032264, "time": 1780174192040}, "XPLUSDT": {"oi_base": 382654942.0, "mark": 0.09341556, "oi_usd": 35745925.69369752, "time": 1780174189607}, "XANUSDT": {"oi_base": 130436373.0, "mark": 0.010514, "oi_usd": 1371408.025722, "time": 1780174190078}, "2ZUSDT": {"oi_base": 25078216.0, "mark": 0.09310262, "oi_usd": 2334847.61452592, "time": 1780174158353}, "WALUSDT": {"oi_base": 35757830.0, "mark": 0.05864, "oi_usd": 2096839.1512, "time": 1780174173274}, "EULUSDT": {"oi_base": 3155634.9, "mark": 1.3412, "oi_usd": 4232337.52788, "time": 1780174197994}, "YBUSDT": {"oi_base": 22004564.0, "mark": 0.1015, "oi_usd": 2233463.2460000003, "time": 1780174182031}, "RECALLUSDT": {"oi_base": 27161435.0, "mark": 0.05293379, "oi_usd": 1437757.69638865, "time": 1780174200106}, "METUSDT": {"oi_base": 22507931.0, "mark": 0.1281, "oi_usd": 2883265.9611, "time": 1780174191037}, "KITEUSDT": {"oi_base": 167601654.0, "mark": 0.19617, "oi_usd": 32878416.465180002, "time": 1780174197157}, "TRUSTUSDT": {"oi_base": 16462376.0, "mark": 0.0659, "oi_usd": 1084870.5784, "time": 1780174201053}, "ALLOUSDT": {"oi_base": 93384450.0, "mark": 0.24841, "oi_usd": 23197631.2245, "time": 1780174208145}, "IRYSUSDT": {"oi_base": 106567704.0, "mark": 0.02452451, "oi_usd": 2613520.72242504, "time": 1780174203473}, "WETUSDT": {"oi_base": 19650107.0, "mark": 0.07414293, "oi_usd": 1456916.5077935099, "time": 1780174182621}, "ZKPUSDT": {"oi_base": 34127831.0, "mark": 0.06934, "oi_usd": 2366423.80154, "time": 1780174210682}, "BREVUSDT": {"oi_base": 13532858.0, "mark": 0.10413974, "oi_usd": 1409308.31357692, "time": 1780174209289}, "ELSAUSDT": {"oi_base": 15378614.0, "mark": 0.06297, "oi_usd": 968391.32358, "time": 1780174201902}, "GWEIUSDT": {"oi_base": 114317758.0, "mark": 0.10924, "oi_usd": 12488071.88392, "time": 1780174211210}, "SKRUSDT": {"oi_base": 126187737.0, "mark": 0.01382768, "oi_usd": 1744883.6471601601, "time": 1780174210476}, "SENTUSDT": {"oi_base": 335408030.0, "mark": 0.01526828, "oi_usd": 5121103.7162884, "time": 1780174210683}, "BIRBUSDT": {"oi_base": 13772157.0, "mark": 0.09838135, "oi_usd": 1354923.39807195, "time": 1780174159383}, "ZAMAUSDT": {"oi_base": 180178585.0, "mark": 0.03585, "oi_usd": 6459402.27225, "time": 1780174216160}, "ESPUSDT": {"oi_base": 31665013.0, "mark": 0.0654, "oi_usd": 2070891.8502, "time": 1780174190774}, "IPUSDT": {"oi_base": 14753627.9, "mark": 0.4384, "oi_usd": 6467990.471360001, "time": 1780174219707}, "ROBOUSDT": {"oi_base": 299591800.0, "mark": 0.01963, "oi_usd": 5880987.034000001, "time": 1780174219742}, "CFGUSDT": {"oi_base": 15031182.0, "mark": 0.2723, "oi_usd": 4092990.8586, "time": 1780174219162}, "KATUSDT": {"oi_base": 475817839.0, "mark": 0.007289, "oi_usd": 3468236.228471, "time": 1780174220450}, "PRLUSDT": {"oi_base": 19955336.0, "mark": 0.2039, "oi_usd": 4068893.0104, "time": 1780174223548}, "EDGEUSDT": {"oi_base": 17158030.0, "mark": 1.3860703, "oi_usd": 23782235.789509002, "time": 1780174224087}, "OPGUSDT": {"oi_base": 45685332.0, "mark": 0.1625, "oi_usd": 7423866.45, "time": 1780174227083}, "CHIPUSDT": {"oi_base": 285578925.0, "mark": 0.03925787, "oi_usd": 11211220.31238975, "time": 1780174223755}, "BILLUSDT": {"oi_base": 91191214.0, "mark": 0.07302, "oi_usd": 6658782.44628, "time": 1780174229294}}